U[V], I[uA]
0.14, 0.2
0.15, 0.2
0.17, 0.2
0.17, 0.3
0.36, 0.3
0.36, 0.5
0.35, 0.5
0.36, 0.5
0.34, 0.5
0.34, 0.2
0.15, 0.2
0.18, 0.2
0.16, 0.2
0.16, 0.3
0.03, 0.3
0.04, 0.3
0.04, 0.4
0.04, 0.3
0.03, 0.3
0.03, 0.4
0.04, 0.4
0.05, 0.4
0.06, 0.4
0.06, 5.8
1.84, 5.8
1.84, 23.5
2.4, 23.5
2.4, 22.7
2.38, 22.7
2.38, 22.5
2.37, 22.5
2.33, 22.5
2.33, 22.0
2.34, 22.0
2.34, 22.1
2.34, 22.0
2.34, 22.1
2.41, 22.1
2.41, 26.8
2.81, 26.8
2.81, 27.4
2.91, 27.4
2.91, 28.5
2.97, 28.5
2.97, 29.5
3.07, 29.5
3.07, 30.0
3.13, 30.0
3.13, 30.2
3.13, 30.1
3.31, 30.1
3.31, 33.3
3.52, 33.3
3.52, 36.1
3.68, 36.1
3.68, 35.8
3.8, 35.8
3.8, 39.1
3.95, 39.1
3.95, 39.0
4.07, 39.0
4.07, 40.8
4.11, 40.8
4.11, 40.9
4.11, 40.6
4.09, 40.6
4.09, 40.7
4.11, 40.7
4.11, 41.0
4.12, 41.0
4.19, 41.0
4.19, 42.4
4.25, 42.4
4.25, 42.6
4.44, 42.6
4.44, 44.9
4.42, 44.9
4.42, 44.8
4.42, 44.6
4.41, 44.6
4.41, 47.6
4.64, 47.6
4.64, 47.4
4.63, 47.4
4.63, 47.3
4.61, 47.3
4.61, 48.4
4.8, 48.4
4.8, 49.7
4.79, 49.7
4.79, 49.5
4.79, 49.4
4.79, 49.3
4.77, 49.3
4.92, 49.3
4.92, 53.3
5.07, 53.3
5.07, 53.4
5.07, 53.5
5.08, 53.5
5.08, 53.2
5.04, 53.2
5.04, 52.9
5.3, 52.9
5.3, 57.1
5.35, 57.1
5.35, 57.4
5.35, 57.3
5.34, 57.3
5.34, 57.1
5.48, 57.1
5.48, 59.3
5.48, 59.4
5.48, 59.3
5.54, 59.3
5.54, 60.2
5.68, 60.2
5.68, 62.5
5.69, 62.5
5.7, 62.5
5.7, 62.7
6.0, 62.7
6.0, 67.1
6.0, 67.0
6.0, 67.1
6.0, 68.9
6.0, 66.9
6.0, 68.9
6.0, 67.4
6.22, 67.4
6.22, 70.4
6.22, 70.2
6.21, 70.2
6.21, 70.4
6.44, 70.4
6.44, 73.7
6.43, 73.7
6.43, 73.5
6.43, 78.8
6.43, 76.8
6.76, 76.8
6.76, 76.6
6.76, 78.6
6.76, 78.7
6.77, 78.7
6.77, 78.6
6.77, 78.1
6.77, 79.1
6.79, 79.1
6.79, 87.3
7.36, 87.3
7.36, 87.9
7.36, 87.8
7.37, 87.8
7.37, 87.9
7.38, 87.9
7.37, 87.9
7.37, 87.8
7.37, 88.0
7.39, 88.0
7.39, 88.8
7.39, 87.9
7.45, 87.9
7.45, 89.5
7.49, 89.5
7.49, 89.6
7.49, 89.5
7.48, 89.5
7.49, 89.5
7.49, 90.9
7.64, 90.9
7.64, 91.9
7.65, 91.9
7.65, 92.0
7.66, 92.0
7.66, 93.1
7.61, 93.1
7.71, 93.1
7.71, 93.0
7.72, 93.0
7.72, 93.1
7.72, 93.2
7.74, 93.2
7.74, 93.3
7.74, 93.4
7.74, 93.9
7.74, 93.7
7.84, 93.7
7.84, 94.7
7.84, 94.8
7.84, 94.9
7.84, 96.6
8.02, 96.6
8.02, 97.9
8.04, 97.9
8.04, 97.8
8.03, 97.8
8.03, 98.0
8.02, 98.0
8.12, 98.0
8.12, 99.4
8.15, 99.4
8.15, 99.5
8.16, 99.5
8.16, 99.4
8.16, 99.5
8.16, 99.4
8.19, 99.4
8.19, 102.4
8.18, 102.4
8.42, 102.4
8.42, 105.7
8.48, 105.7
8.59, 105.7
8.59, 105.8
8.59, 105.7
8.59, 105.8
8.58, 105.8
8.6, 105.8
8.6, 105.7
8.6, 105.8
8.6, 105.9
8.6, 106.0
8.61, 106.0
8.61, 106.1
8.61, 106.5
8.64, 106.5
8.64, 106.6
8.65, 106.6
8.67, 106.6
8.67, 108.2
8.68, 108.2
8.76, 108.2
8.76, 108.3
8.77, 108.3
8.77, 108.4
8.78, 108.4
8.76, 108.4
8.76, 108.3
8.78, 108.3
8.77, 108.3
8.77, 108.2
8.77, 108.3
8.78, 108.3
8.78, 111.1
8.99, 111.1
8.99, 111.4
8.99, 111.3
8.99, 111.4
9.0, 111.4
9.0, 111.9
9.06, 111.9
9.06, 112.4
9.07, 112.4
9.07, 112.5
9.07, 112.6
9.08, 112.6
9.08, 112.9
9.19, 112.9
9.19, 115.8
9.41, 115.8
9.41, 117.8
9.44, 117.8
9.44, 117.9
9.44, 117.8
9.45, 117.8
9.44, 117.8
9.44, 117.9
9.44, 118.8
9.49, 118.8
9.49, 119.3
9.74, 119.3
9.74, 122.4
9.77, 122.4
9.77, 122.5
9.77, 122.4
9.77, 122.3
9.77, 122.0
9.78, 122.0
9.78, 122.1
9.78, 122.3
9.78, 122.5
9.79, 122.5
9.79, 122.7
9.81, 122.7
9.81, 122.8
9.81, 122.7
9.81, 122.9
9.82, 122.9
9.82, 125.3
10.24, 125.3
10.24, 128.8
10.27, 128.8
10.27, 129.1
10.28, 129.1
10.28, 128.9
10.28, 130.8
10.7, 130.8
10.7, 134.6
10.7, 134.5
10.71, 134.5
10.71, 134.4
10.72, 134.4
10.71, 134.4
10.71, 134.2
10.73, 134.2
10.73, 135.9
10.92, 135.9
10.92, 137.2
10.97, 137.2
10.97, 137.4
10.98, 137.4
10.98, 137.8
10.99, 137.8
10.99, 137.9
11.01, 137.9
11.01, 138.8
11.01, 138.0
11.02, 138.0
11.02, 138.1
11.02, 139.4
11.39, 139.4
11.39, 142.9
11.39, 142.7
11.39, 142.8
11.39, 143.0
11.4, 143.0
11.4, 143.2
11.41, 143.2
11.41, 145.3
11.63, 145.3
11.63, 146.4
11.64, 146.4
11.64, 143.9
11.51, 143.9
11.51, 145.3
11.55, 145.3
11.55, 145.6
11.57, 145.6
11.57, 145.7
11.57, 145.5
11.56, 145.5
11.56, 145.7
11.57, 145.7
11.57, 146.1
11.69, 146.1
11.69, 147.4
11.71, 147.4
11.71, 147.7
11.72, 147.7
11.72, 147.0
11.68, 147.0
11.68, 146.7
11.66, 146.7
11.66, 146.8
11.67, 146.8
11.68, 146.8
11.68, 147.0
11.69, 147.0
11.69, 147.8
11.9, 147.8
11.9, 149.8
11.9, 149.9
11.91, 149.9
11.91, 149.4
11.94, 149.4
11.94, 158.2
11.94, 150.2
11.94, 150.3
11.94, 150.4
11.94, 150.3
11.94, 150.4
11.95, 150.4
11.95, 150.6
12.1, 150.6
12.1, 152.5
12.11, 152.5
12.11, 152.4
12.08, 152.4
12.08, 152.9
12.1, 152.9
12.11, 152.9
12.11, 152.2
12.0, 152.2
12.0, 150.3
11.95, 150.3
11.95, 151.4
11.98, 151.4
11.98, 155.7
12.47, 155.7
12.47, 157.3
12.45, 157.3
12.45, 157.2
12.45, 157.1
12.44, 157.1
12.43, 157.1
12.43, 156.9
12.42, 156.9
12.42, 157.5
12.48, 157.5
12.48, 157.6
12.49, 157.6
12.48, 157.6
12.48, 157.5
12.49, 157.5
12.49, 157.4
12.49, 157.5
12.49, 157.7
12.48, 157.7
12.48, 164.0
12.98, 164.0
12.98, 163.7
12.97, 163.7
12.97, 163.6
12.97, 163.5
12.96, 163.5
12.96, 163.4
13.16, 163.4
13.16, 165.1
13.11, 165.1
13.11, 165.3
13.13, 165.3
13.13, 165.6
13.12, 165.6
13.12, 165.7
13.14, 165.7
13.14, 169.5
13.42, 169.5
13.42, 169.6
13.43, 169.6
13.43, 169.7
13.43, 169.6
13.43, 169.7
13.63, 169.7
13.63, 173.5
13.78, 173.5
13.78, 173.7
13.8, 173.7
13.8, 173.5
13.79, 173.5
13.79, 173.4
13.79, 173.1
13.8, 173.1
13.8, 173.3
13.81, 173.3
13.8, 173.3
13.8, 173.4
13.79, 173.4
13.79, 173.5
13.79, 177.5
14.18, 177.5
14.18, 177.8
14.18, 177.6
14.18, 177.5
14.18, 177.6
14.18, 177.9
14.18, 177.7
14.17, 177.7
14.18, 177.7
14.18, 178.2
14.49, 178.2
14.49, 184.5
14.74, 184.5
14.74, 184.6
14.76, 184.6
14.76, 184.8
14.76, 184.9
14.77, 184.9
14.77, 185.1
14.79, 185.1
14.79, 185.3
14.8, 185.3
14.8, 185.2
14.78, 185.2
14.78, 198.4
14.78, 190.4
15.3, 190.4
15.3, 190.8
15.31, 190.8
15.31, 191.1
15.35, 191.1
15.35, 191.2
15.34, 191.2
15.34, 191.3
15.35, 191.3
15.35, 191.4
15.35, 191.2
15.59, 191.2
15.59, 194.6
15.65, 194.6
15.65, 194.8
15.67, 194.8
15.67, 195.0
15.68, 195.0
15.68, 195.1
15.69, 195.1
15.69, 195.0
15.69, 195.2
15.69, 195.4
15.87, 195.4
15.87, 198.9
15.0, 198.9
16.0, 198.9
16.0, 199.2
16.02, 199.2
16.02, 199.3
16.03, 199.3
16.03, 199.4
16.03, 199.5
16.04, 199.5
16.04, 199.7
16.04, 199.8
16.04, 281.6
16.04, 201.6
16.24, 201.6
16.24, 201.8
16.25, 201.8
16.25, 202.0
16.25, 202.1
16.26, 202.1
16.26, 202.0
16.25, 202.0
16.25, 201.7
16.26, 201.7
16.26, 201.6
16.26, 201.7
16.27, 201.7
16.26, 201.7
16.26, 202.1
16.89, 202.1
16.47, 202.1
16.47, 204.4
16.54, 204.4
16.54, 204.6
16.54, 204.9
16.56, 204.9
16.58, 204.9
16.57, 204.9
16.57, 205.2
16.58, 205.2
16.58, 205.3
16.58, 205.2
16.58, 205.3
16.68, 205.3
16.68, 208.5
16.88, 208.5
16.93, 208.5
16.93, 208.8
16.93, 209.4
16.94, 209.4
16.94, 209.6
16.94, 209.7
16.94, 209.6
16.94, 209.7
16.94, 209.8
17.04, 209.8
17.04, 213.9
17.38, 213.9
17.38, 214.3
17.39, 214.3
17.39, 214.6
17.4, 214.6
17.4, 214.7
17.41, 214.7
17.41, 214.6
17.4, 214.6
17.4, 214.5
17.41, 214.5
17.41, 214.3
17.43, 214.3
17.43, 214.4
17.39, 214.4
17.39, 214.0
17.55, 214.0
17.55, 215.8
17.58, 215.8
17.58, 216.0
17.59, 216.0
17.59, 216.1
17.6, 216.1
17.6, 216.2
17.48, 216.2
17.48, 209.9
16.95, 209.9
16.95, 210.0
16.94, 210.0
16.94, 209.8
16.99, 209.8
16.99, 211.2
17.29, 211.2
17.29, 213.4
17.3, 213.4
17.3, 213.7
17.31, 213.7
17.31, 213.8
17.32, 213.8
17.32, 217.4
17.69, 217.4
17.69, 217.7
17.69, 222.5
18.22, 222.5
18.22, 222.6
18.22, 222.7
18.22, 222.9
18.22, 223.1
18.22, 223.2
18.22, 223.1
18.22, 223.2
18.22, 224.3
19.78, 224.3
19.78, 230.2
19.82, 230.2
19.82, 229.9
19.83, 229.9
19.83, 229.4
18.84, 229.4
18.84, 226.3
18.68, 226.3
18.68, 226.1
18.66, 226.1
18.67, 226.1
18.67, 226.3
18.91, 226.3
18.91, 228.7
19.09, 228.7
19.09, 228.8
19.16, 228.8
19.16, 229.0
19.18, 229.0
19.19, 229.0
19.17, 229.0
19.17, 229.2
19.56, 229.2
19.56, 230.8
19.67, 230.8
19.67, 230.9
19.68, 230.9
19.68, 231.1
19.68, 231.0
19.68, 231.1
19.68, 231.0
19.68, 231.1
19.67, 231.1
19.67, 231.2
19.68, 231.2
19.68, 231.3
19.86, 231.3
19.92, 231.3
19.92, 231.4
19.92, 230.8
19.91, 230.8
19.91, 230.5
19.91, 230.8
19.93, 230.8
19.93, 231.0
19.94, 231.0
19.94, 231.1
20.09, 231.1
20.09, 230.2
20.56, 230.2
20.56, 230.3
20.57, 230.3
20.6, 230.3
20.65, 230.3
20.65, 229.6
20.82, 229.6
20.82, 229.7
20.83, 229.7
20.81, 229.7
20.81, 238.3
20.81, 230.3
20.78, 230.3
20.78, 230.4
20.78, 230.6
20.79, 230.6
20.79, 230.2
21.06, 230.2
21.06, 229.1
21.18, 229.1
21.18, 229.0
21.18, 229.3
21.19, 229.3
21.19, 229.4
21.2, 229.4
21.2, 229.5
21.2, 229.4
21.19, 229.4
21.18, 229.4
21.18, 229.0
21.18, 228.8
21.2, 228.8
21.28, 228.8
21.28, 227.4
21.57, 227.4
21.57, 227.3
21.59, 227.3
21.61, 227.3
21.61, 227.4
21.6, 227.4
21.61, 227.4
21.61, 227.5
21.83, 227.5
21.83, 223.8
22.27, 223.8
22.3, 223.8
22.3, 223.6
22.3, 223.7
22.3, 224.1
22.31, 224.1
22.31, 224.3
22.31, 224.1
22.32, 224.1
22.32, 223.6
22.68, 223.6
22.68, 211.4
23.02, 211.4
23.02, 209.4
23.04, 209.4
23.04, 209.1
23.05, 209.1
23.06, 209.1
23.06, 209.0
23.05, 209.0
23.07, 209.0
23.07, 208.6
23.06, 208.6
23.06, 203.9
23.16, 203.9
23.16, 203.6
23.16, 203.2
23.17, 203.2
23.17, 203.8
23.17, 203.0
23.2, 203.0
23.2, 191.2
23.36, 191.2
23.36, 189.8
23.36, 188.8
23.38, 188.8
23.38, 187.6
23.38, 187.4
23.38, 187.3
23.38, 187.2
23.39, 187.2
23.39, 186.7
23.38, 186.7
23.38, 187.2
23.43, 187.2
23.43, 179.3
23.48, 179.3
23.48, 176.6
23.49, 176.6
23.49, 176.5
23.49, 176.2
23.49, 175.7
23.5, 175.7
23.5, 175.6
23.5, 174.9
23.46, 174.9
23.46, 166.4
23.64, 166.4
23.64, 162.8
23.66, 162.8
23.66, 156.7
23.8, 156.7
23.8, 155.8
23.82, 155.8
23.82, 155.5
23.83, 155.4
23.83, 155.1
23.83, 155.4
23.91, 155.4
23.91, 152.5
23.97, 152.5
23.98, 152.2
23.98, 152.1
23.99, 152.1
23.99, 152.0
24.0, 152.0
24.0, 151.9
24.01, 151.9
24.01, 151.0
24.18, 151.0
24.18, 199.9
24.18, 149.9
24.2, 149.9
24.2, 149.8
24.21, 149.8
24.21, 149.7
24.24, 149.7
24.24, 149.8
24.25, 149.8
24.25, 149.9
24.25, 149.8
24.25, 149.9
24.26, 149.9
24.26, 149.3
24.52, 149.3
24.53, 149.3
24.54, 149.3
24.54, 149.1
24.53, 149.1
24.53, 149.2
24.53, 149.3
24.7, 149.3
24.7, 151.4
24.9, 151.4
24.9, 151.5
24.91, 151.5
24.91, 151.6
24.92, 151.6
24.92, 151.7
24.92, 151.8
24.92, 151.6
25.03, 151.6
25.03, 153.3
25.05, 153.3
25.05, 153.2
25.05, 153.3
25.05, 153.5
25.06, 153.5
25.06, 153.6
25.06, 153.5
25.05, 153.5
25.05, 153.6
25.06, 153.6
25.06, 153.4
25.26, 153.4
25.26, 157.0
25.36, 157.0
25.32, 157.0
25.32, 157.4
25.33, 157.4
25.33, 157.6
25.33, 157.7
25.34, 157.7
25.33, 157.7
25.33, 157.3
25.28, 157.3
25.28, 159.9
25.78, 159.9
25.78, 165.8
25.79, 165.8
25.79, 165.6
25.78, 165.6
25.78, 165.7
25.79, 165.7
25.79, 165.9
25.79, 166.0
25.89, 166.0
25.8, 166.0
25.8, 166.8
25.93, 166.8
25.93, 168.8
25.93, 169.0
25.95, 169.0
25.95, 169.1
25.95, 169.2
25.96, 169.2
25.96, 169.3
25.96, 169.4
25.97, 169.4
25.97, 169.6
25.97, 169.4
26.06, 169.4
26.06, 174.6
26.49, 174.6
26.49, 180.4
26.52, 180.4
26.52, 180.9
26.53, 180.9
26.53, 181.0
26.54, 181.0
26.54, 181.1
26.53, 181.1
26.54, 181.1
26.55, 181.1
26.55, 184.3
26.69, 184.3
26.69, 184.4
26.7, 184.4
26.7, 184.5
26.7, 184.4
26.71, 184.4
26.71, 184.5
26.71, 184.1
26.69, 184.1
26.69, 184.6
26.82, 184.6
26.82, 186.5
26.83, 186.5
26.83, 186.7
26.83, 186.9
26.84, 186.9
26.84, 186.8
26.83, 186.8
26.83, 186.9
26.83, 186.8
26.83, 187.0
26.85, 187.0
26.85, 192.8
27.16, 192.8
27.16, 192.6
27.16, 192.7
27.16, 192.9
27.16, 192.5
27.16, 194.8
27.47, 194.8
27.47, 198.3
27.48, 198.3
27.48, 198.7
27.48, 198.8
27.49, 198.8
27.49, 199.0
27.5, 199.0
27.5, 202.0
27.71, 202.0
27.71, 202.7
27.71, 202.8
27.72, 202.8
27.72, 202.7
27.71, 202.7
27.71, 202.4
27.71, 202.5
27.71, 202.4
28.03, 202.4
28.03, 209.6
28.15, 209.6
28.15, 209.8
28.15, 209.7
28.14, 209.7
28.14, 209.6
28.15, 209.6
28.15, 209.9
28.15, 210.0
28.15, 210.3
28.2, 210.3
28.2, 210.7
28.2, 211.5
28.43, 214.6
28.41, 214.6
28.41, 214.3
28.42, 214.3
28.42, 214.4
28.41, 214.4
28.41, 214.6
28.42, 214.6
28.42, 215.0
28.42, 215.1
28.43, 215.1
28.42, 215.1
28.42, 215.3
28.41, 215.3
28.41, 217.3
28.55, 217.3
28.55, 217.4
28.55, 217.6
28.57, 217.6
28.57, 218.1
28.57, 218.2
28.57, 218.3
28.58, 218.3
28.58, 218.5
28.58, 218.2
28.57, 218.2
28.58, 218.2
28.58, 217.9
28.75, 217.9
28.75, 221.4
28.77, 221.4
28.77, 221.7
28.77, 222.0
28.79, 222.0
28.79, 222.2
28.79, 222.1
28.79, 222.2
28.79, 222.1
28.79, 225.1
28.98, 225.1
28.98, 227.0
29.17, 227.0
29.17, 228.7
29.17, 228.8
29.17, 228.9
29.18, 228.9
29.18, 229.8
29.19, 229.8
29.19, 230.0
29.19, 229.9
29.19, 230.1
29.19, 230.2
29.19, 230.1
29.18, 230.1
29.18, 229.7
29.18, 229.6
29.18, 229.5
29.18, 229.7
29.18, 229.6
29.18, 229.8
29.18, 230.0
29.18, 229.9
29.18, 230.4
29.18, 230.3
29.18, 230.2
29.17, 230.2
29.17, 232.0
29.76, 232.0
29.76, 240.3
29.72, 240.3
29.72, 240.4
29.73, 240.4
29.73, 240.5
29.73, 240.4
29.73, 240.6
29.73, 240.5
29.74, 240.5
29.74, 250.1
30.3, 250.1
30.3, 250.6
30.3, 250.5
30.31, 250.5
30.31, 250.2
30.3, 250.2
30.3, 250.3
30.3, 253.6
30.62, 253.6
30.62, 258.0
30.73, 258.0
30.73, 257.4
30.69, 257.4
30.69, 257.0
30.7, 257.0
30.7, 257.1
30.7, 257.2
30.72, 257.2
30.72, 257.8
30.71, 257.8
30.71, 257.7
30.73, 257.7
30.73, 257.9
30.71, 257.9
30.71, 257.7
30.93, 257.7
30.93, 261.8
30.94, 261.8
30.94, 262.0
30.95, 262.0
30.95, 262.2
30.94, 262.2
30.94, 262.1
30.94, 267.7
32.18, 267.7
32.18, 283.7
32.2, 283.7
32.2, 284.5
32.21, 284.5
32.21, 284.7
32.21, 284.8
32.22, 284.8
32.22, 284.9
32.16, 284.9
32.16, 283.5
32.14, 283.5
32.14, 283.8
32.15, 283.8
32.15, 283.9
32.25, 283.9
32.25, 305.2
33.43, 305.2
33.44, 305.2
33.44, 305.4
33.44, 305.1
33.43, 305.1
33.43, 304.8
33.43, 304.9
33.54, 304.9
33.54, 309.0
33.68, 309.0
33.68, 309.2
33.68, 309.3
33.68, 309.4
33.68, 309.3
33.68, 309.4
33.84, 309.4
33.84, 317.4
34.24, 317.4
34.21, 317.4
34.21, 317.7
34.21, 317.8
34.21, 318.0
34.22, 318.0
34.22, 318.5
34.22, 318.8
34.22, 319.0
34.22, 319.2
34.23, 319.2
34.23, 319.3
34.38, 319.3
34.3, 319.3
34.3, 326.2
34.7, 326.2
34.7, 326.4
34.7, 326.3
34.7, 326.2
34.7, 326.4
34.7, 326.5
34.7, 326.0
34.8, 326.0
34.69, 326.0
34.69, 325.8
34.69, 325.9
34.69, 325.7
34.69, 325.8
34.68, 325.8
34.68, 325.9
34.69, 325.9
34.69, 325.7
34.68, 325.7
34.68, 325.3
34.68, 325.7
34.91, 325.7
34.91, 329.4
34.99, 329.4
34.99, 329.8
34.98, 329.8
34.98, 329.5
34.98, 329.1
34.93, 329.1
34.93, 329.5
34.94, 329.5
34.93, 329.5
34.93, 331.9
35.13, 331.9
35.13, 332.6
34.81, 332.6
34.81, 327.8
34.76, 327.8
34.76, 327.9
34.76, 327.7
34.78, 327.7
34.78, 328.0
34.78, 328.4
34.79, 328.4
34.79, 328.7
35.14, 328.7
35.14, 333.3
35.14, 333.4
35.14, 333.5
35.14, 333.0
35.14, 333.1
35.26, 333.1
35.26, 334.8
35.28, 334.8
35.28, 335.0
35.29, 335.0
35.29, 335.1
35.36, 335.1
35.36, 338.9
35.7, 338.9
35.7, 339.0
35.69, 339.0
35.69, 339.1
35.69, 339.0
35.69, 340.4
35.93, 340.4
35.93, 340.9
35.95, 340.9
35.95, 341.0
35.95, 341.8
35.95, 341.9
35.95, 341.2
35.94, 341.2
35.94, 341.3
35.95, 341.3
35.95, 341.6
35.95, 341.8
35.95, 341.6
35.95, 341.7
35.96, 341.7
35.96, 342.2
36.07, 342.2
36.07, 342.5
36.09, 342.5
36.09, 342.7
36.09, 342.6
36.09, 341.7
36.08, 341.7
36.08, 341.8
36.08, 342.0
36.09, 342.0
36.09, 342.1
36.09, 342.2
36.08, 342.2
36.08, 342.4
36.28, 342.4
36.28, 343.4
36.42, 343.4
36.42, 343.7
36.45, 343.7
36.45, 343.9
36.45, 344.0
36.45, 343.9
36.44, 343.9
36.44, 343.8
36.44, 344.0
36.44, 344.1
36.45, 344.1
36.45, 344.3
36.47, 344.3
36.47, 345.0
36.44, 345.0
36.44, 345.1
36.47, 345.1
36.47, 345.6
36.6, 345.6
36.6, 345.7
36.61, 345.7
36.61, 345.8
36.61, 345.5
36.61, 345.4
36.62, 345.4
36.62, 345.6
36.62, 345.8
36.62, 345.9
36.62, 346.0
36.84, 346.0
36.84, 346.3
36.88, 346.3
36.88, 346.1
36.88, 346.2
36.89, 346.2
36.89, 346.1
36.9, 346.1
36.9, 346.3
36.91, 346.3
36.91, 346.5
36.89, 346.5
36.89, 347.0
37.24, 347.0
37.24, 347.3
37.24, 347.4
37.25, 347.4
37.25, 347.5
37.25, 347.6
37.25, 347.5
37.25, 347.6
37.25, 348.0
37.26, 348.0
37.26, 348.4
37.27, 348.4
37.27, 348.5
37.27, 349.1
38.02, 349.1
38.02, 349.3
38.04, 349.3
38.05, 349.3
38.03, 349.3
38.03, 349.5
38.03, 349.6
38.03, 349.7
38.03, 349.9
38.04, 349.9
38.04, 350.0
38.03, 350.0
38.03, 349.5
38.01, 349.5
38.01, 349.1
38.01, 349.2
39.65, 349.2
40.06, 338.7
40.07, 338.7
40.07, 338.9
40.07, 338.6
40.07, 338.7
48.07, 338.7
48.07, 338.8
40.07, 338.8
40.05, 338.8
40.05, 331.8
40.91, 331.8
40.91, 330.7
48.91, 330.7
48.93, 330.7
48.93, 330.5
40.92, 330.5
48.92, 330.5
48.92, 330.8
48.92, 331.1
40.92, 331.1
40.92, 330.9
40.96, 330.9
48.96, 330.9
40.96, 330.9
40.96, 327.7
41.47, 327.7
41.47, 327.9
41.48, 327.9
41.48, 328.0
41.49, 328.0
41.49, 327.8
41.48, 327.8
41.48, 327.9
41.49, 327.9
41.49, 328.0
41.52, 328.0
41.52, 327.9
41.51, 327.9
41.51, 326.2
41.84, 326.2
41.84, 325.8
41.85, 325.8
41.85, 325.9
41.85, 326.1
41.85, 326.2
41.83, 326.2
41.83, 325.8
42.2, 325.8
42.2, 323.4
42.23, 323.4
42.23, 323.3
42.24, 323.3
42.24, 323.4
42.25, 323.4
42.25, 323.6
42.25, 323.7
42.22, 323.7
42.22, 323.8
42.54, 323.8
42.54, 322.1
42.55, 322.1
42.55, 322.0
42.55, 322.1
42.55, 322.2
42.55, 322.3
42.55, 322.2
42.76, 322.2
42.76, 321.9
42.78, 321.9
42.78, 322.0
42.78, 322.1
42.78, 322.2
43.23, 322.2
43.23, 320.5
43.25, 320.5
43.25, 320.4
43.25, 320.5
43.25, 320.6
43.25, 320.7
43.08, 320.7
43.1, 320.7
43.1, 320.8
43.11, 320.8
43.11, 320.6
43.1, 320.6
43.1, 320.8
43.34, 320.8
43.34, 319.2
43.68, 319.2
43.69, 319.2
43.69, 319.8
43.69, 319.0
43.69, 319.1
43.69, 319.3
43.7, 319.3
43.7, 319.5
43.7, 319.9
43.7, 319.4
43.69, 319.4
43.69, 319.3
43.69, 319.5
43.68, 319.5
43.68, 319.8
43.68, 319.6
43.78, 319.6
43.73, 319.6
43.73, 318.8
44.08, 318.8
44.08, 319.8
44.08, 319.0
44.11, 319.0
44.11, 319.8
44.12, 319.5
44.12, 319.4
44.13, 319.4
44.14, 319.4
44.14, 319.5
44.15, 319.5
44.1, 319.5
44.1, 319.8
44.2, 319.8
44.2, 319.5
44.25, 319.5
44.25, 319.4
44.26, 319.4
44.26, 319.5
44.26, 319.3
44.26, 319.0
44.23, 319.0
44.24, 319.0
44.25, 319.0
44.25, 318.0
44.25, 318.9
44.28, 318.9
45.07, 317.5
45.06, 317.5
45.06, 317.6
45.06, 317.7
45.07, 317.7
45.07, 317.9
45.07, 318.1
45.05, 318.1
45.05, 318.0
45.05, 318.1
45.05, 317.9
45.04, 317.9
45.04, 318.0
45.04, 317.9
45.25, 317.9
45.28, 317.9
45.28, 318.2
45.3, 318.2
45.3, 318.5
45.3, 318.4
45.3, 318.6
45.3, 318.8
45.31, 318.8
45.31, 318.7
45.31, 319.0
45.29, 319.0
45.29, 319.2
45.75, 319.2
45.75, 319.3
45.77, 319.3
45.78, 319.3
45.78, 319.2
45.78, 318.8
45.77, 318.8
45.77, 318.9
45.78, 318.9
45.78, 318.8
45.77, 318.8
45.72, 318.8
45.76, 318.8
45.76, 319.6
46.11, 319.6
46.11, 319.7
46.12, 319.7
46.12, 319.8
46.13, 319.8
46.13, 328.0
46.13, 320.0
46.13, 320.1
46.13, 319.9
46.12, 319.9
46.13, 319.9
46.12, 319.9
46.12, 320.7
46.71, 320.7
46.71, 322.8
46.73, 322.8
46.73, 322.9
46.73, 322.7
46.73, 322.9
46.73, 322.7
46.73, 323.0
46.75, 323.0
46.76, 323.0
46.76, 323.1
46.76, 324.9
47.28, 324.9
47.28, 325.7
47.29, 325.7
47.29, 325.8
47.29, 325.4
47.29, 325.5
47.29, 325.6
47.29, 325.7
47.3, 325.7
47.3, 325.8
47.3, 325.9
47.28, 325.9
47.28, 326.4
47.43, 326.4
47.43, 326.5
47.44, 326.5
47.45, 326.5
47.45, 326.6
47.48, 326.6
47.48, 327.2
47.45, 327.2
47.45, 326.8
47.45, 327.0
47.47, 327.0
47.47, 327.8
47.47, 327.6
47.99, 327.6
47.99, 331.6
48.25, 331.6
48.25, 331.8
48.27, 331.8
48.28, 331.8
48.28, 331.9
48.29, 331.9
48.29, 331.8
48.29, 332.0
48.29, 332.1
48.29, 332.2
48.29, 331.9
48.24, 331.9
48.24, 331.5
48.24, 331.1
48.36, 331.1
48.36, 332.5
48.49, 332.5
48.49, 332.9
48.51, 332.9
48.51, 333.0
48.51, 332.8
48.49, 332.8
48.5, 332.8
48.5, 332.9
48.5, 333.0
48.5, 333.1
48.5, 333.0
48.5, 333.1
48.82, 333.1
48.82, 334.9
48.89, 334.9
48.89, 335.0
48.9, 335.0
48.9, 335.3
48.92, 335.3
48.92, 336.2
48.92, 336.3
48.92, 336.1
48.92, 336.2
48.93, 336.2
48.93, 336.4
48.93, 336.3
48.92, 336.3
48.92, 336.1
48.91, 336.1
48.91, 336.2
48.91, 336.7
49.3, 336.7
49.3, 338.0
49.3, 337.6
49.29, 337.6
49.29, 337.3
49.3, 337.3
49.3, 337.5
49.3, 337.6
49.3, 337.4
49.27, 337.4
49.27, 337.6
49.28, 337.6
49.28, 337.5
49.28, 337.6
49.29, 341.4
58.01, 341.4
58.01, 342.5
58.01, 342.4
50.01, 342.4
50.01, 342.5
58.01, 342.5
50.01, 342.6
58.01, 342.6
58.01, 342.7
50.01, 342.7
58.01, 342.7
50.01, 342.7
58.01, 342.7
58.01, 342.9
58.02, 342.9
50.02, 342.9
50.02, 343.3
58.02, 343.3
50.03, 343.3
58.03, 343.3
58.03, 343.6
58.77, 343.6
50.77, 343.6
58.77, 343.6
50.77, 349.9
50.89, 349.9
50.89, 349.7
50.89, 349.8
58.89, 349.8
50.89, 349.8
50.89, 349.9
58.89, 349.9
50.89, 349.9
58.89, 349.9
50.89, 349.9
58.89, 349.9
58.89, 349.6
50.89, 349.6
58.89, 349.2
58.87, 349.2
58.87, 350.3
50.87, 350.3
51.2, 350.3
51.2, 351.3
51.19, 351.3
51.19, 350.8
51.19, 350.9
51.19, 351.1
51.2, 351.1
51.2, 351.2
51.21, 351.2
51.21, 354.8
51.7, 354.8
51.7, 355.0
51.7, 355.1
51.71, 355.1
51.71, 355.3
51.71, 355.4
51.71, 355.5
51.72, 355.5
51.72, 355.7
51.72, 356.2
52.64, 360.9
52.64, 365.0
52.67, 365.0
52.67, 365.1
52.67, 364.9
52.67, 364.8
52.67, 364.9
52.68, 364.9
52.99, 364.5
52.99, 369.8
53.23, 369.8
53.23, 369.9
53.23, 369.3
53.22, 369.3
53.22, 369.2
53.22, 369.3
53.22, 369.4
53.21, 369.4
53.21, 369.2
53.21, 369.3
53.21, 369.5
53.23, 369.5
53.23, 369.8
53.22, 369.8
53.22, 369.6
53.17, 369.6
53.17, 371.7
53.46, 371.7
53.46, 371.8
53.47, 371.8
53.47, 371.9
53.47, 371.8
53.46, 371.8
53.46, 371.7
53.48, 371.7
53.48, 372.6
53.49, 372.6
53.49, 372.7
53.49, 372.6
53.48, 372.6
53.46, 372.6
53.46, 378.3
53.46, 375.3
53.79, 375.3
53.79, 375.4
53.88, 375.4
53.8, 375.4
53.8, 375.3
53.8, 375.4
53.81, 375.4
53.81, 375.7
53.81, 375.5
53.71, 375.5
53.79, 375.5
53.79, 375.0
53.79, 375.1
53.79, 375.8
54.19, 375.8
54.16, 375.8
54.16, 375.1
54.16, 379.1
54.26, 379.1
54.21, 379.1
54.21, 379.0
54.22, 379.0
54.22, 379.6
54.22, 378.6
54.21, 378.6
54.21, 378.7
54.22, 378.7
54.22, 378.2
54.22, 379.2
54.22, 379.3
54.23, 379.3
54.22, 379.3
54.22, 379.2
54.22, 379.3
54.22, 379.2
54.23, 379.2
54.23, 379.4
54.23, 379.7
54.33, 379.7
54.33, 381.5
55.06, 381.5
55.06, 381.8
55.06, 388.0
55.1, 388.0
55.1, 388.8
55.1, 388.2
55.1, 388.4
55.1, 388.6
55.11, 388.6
55.11, 388.8
55.11, 388.7
55.11, 388.8
55.11, 389.1
55.12, 389.1
55.12, 389.0
55.11, 389.0
55.11, 389.8
55.11, 388.8
55.12, 388.8
55.12, 393.1
55.57, 393.1
55.57, 392.8
55.56, 392.8
55.56, 392.4
55.55, 392.4
55.55, 392.9
55.55, 392.8
55.55, 392.2
55.54, 392.2
55.54, 392.8
55.54, 392.4
55.55, 392.4
55.55, 392.9
55.55, 392.5
55.55, 392.3
55.52, 392.3
55.52, 399.5
56.64, 399.5
56.64, 402.2
56.65, 402.2
56.65, 402.3
56.65, 402.4
56.66, 402.4
56.66, 402.5
56.66, 402.6
56.66, 402.7
56.66, 402.6
56.66, 403.4
56.69, 403.4
56.69, 403.8
56.68, 403.8
56.68, 404.1
56.72, 404.1
56.72, 404.0
56.73, 404.0
56.73, 404.7
56.82, 404.7
56.82, 408.7
57.33, 408.7
57.33, 408.8
57.33, 408.9
57.33, 408.8
57.33, 408.6
57.32, 408.6
57.32, 408.5
57.32, 409.0
58.1, 409.0
58.1, 416.0
58.45, 416.0
58.45, 416.4
58.45, 416.5
58.46, 416.5
58.46, 416.4
58.42, 416.4
58.42, 418.5
58.84, 419.0
58.85, 419.0
58.85, 419.2
58.85, 419.3
58.85, 419.1
58.85, 419.2
58.86, 419.2
58.86, 419.4
59.02, 419.4
59.02, 422.9
59.31, 422.9
59.31, 423.0
59.32, 423.0
59.32, 423.1
59.31, 423.1
59.31, 422.6
59.31, 422.7
59.31, 422.8
59.31, 422.9
59.33, 422.9
59.33, 424.9
59.96, 424.9
59.96, 426.4
59.96, 425.6
59.94, 425.6
59.94, 425.4
59.94, 425.7
59.93, 425.7
59.93, 425.0
59.94, 425.4
59.92, 425.4
59.92, 427.3
68.36, 427.3
60.36, 427.3
68.36, 427.3
68.36, 427.2
68.36, 427.4
60.36, 427.4
68.36, 427.4
68.36, 427.5
68.35, 427.5
60.35, 427.5
68.35, 427.5
60.35, 426.9
68.35, 426.9
60.35, 426.9
60.35, 427.1
68.35, 427.1
60.35, 427.1
60.34, 427.1
68.34, 427.1
60.34, 427.0
60.35, 427.0
60.35, 427.1
68.35, 427.1
68.49, 427.1
68.49, 428.4
60.68, 428.4
68.68, 428.4
68.68, 428.5
68.69, 429.2
60.69, 429.2
60.73, 429.2
68.73, 429.2
60.73, 429.2
60.73, 429.9
60.92, 429.9
68.92, 430.3
60.92, 430.3
60.93, 430.3
68.93, 430.4
60.93, 430.4
60.93, 430.3
68.93, 430.3
68.93, 430.0
68.92, 430.0
68.92, 430.3
68.93, 430.3
68.93, 430.2
60.93, 430.2
68.93, 430.2
68.93, 430.3
60.93, 430.3
68.93, 430.3
68.99, 430.3
68.99, 431.3
61.54, 431.3
61.54, 432.2
61.68, 432.2
61.68, 432.3
61.67, 432.3
61.67, 432.2
61.67, 432.3
61.67, 432.2
61.67, 432.3
61.67, 432.6
61.67, 432.4
61.67, 432.6
61.68, 432.4
61.91, 432.4
61.91, 434.2
62.28, 434.2
62.28, 434.5
62.28, 434.4
62.27, 434.4
62.27, 434.1
62.27, 434.6
62.29, 434.6
62.29, 435.2
62.29, 435.1
62.29, 435.0
62.31, 435.0
62.31, 435.3
62.64, 435.3
62.64, 435.6
62.63, 435.6
62.63, 435.4
62.64, 435.4
62.64, 436.1
62.65, 436.1
62.65, 436.4
62.66, 436.4
62.66, 436.5
62.65, 436.5
62.65, 436.4
62.65, 436.3
62.66, 436.3
62.66, 437.4
63.19, 437.4
63.19, 437.3
63.29, 437.3
63.29, 437.4
63.28, 437.4
63.28, 437.0
63.27, 437.0
63.28, 437.0
63.28, 437.4
63.29, 437.4
63.29, 437.8
63.29, 438.1
63.4, 438.1
63.4, 439.5
63.97, 439.6
63.97, 448.0
63.97, 440.0
63.99, 440.0
63.99, 440.4
64.0, 440.4
64.15, 440.6
64.15, 442.8
64.15, 442.0
64.67, 442.0
64.67, 441.8
64.67, 441.9
64.67, 442.0
64.67, 442.2
64.67, 441.9
64.66, 441.9
64.67, 441.9
64.67, 442.1
65.03, 442.1
65.03, 442.7
65.23, 442.7
65.23, 442.6
65.23, 442.8
65.23, 442.9
65.23, 443.0
65.24, 443.0
65.23, 443.0
65.23, 443.1
65.38, 443.1
65.38, 443.7
65.77, 443.7
65.77, 444.9
66.17, 444.9
66.17, 445.0
66.17, 444.9
66.17, 494.9
66.17, 444.9
66.17, 445.1
66.17, 444.9
66.17, 445.3
66.19, 445.3
66.19, 445.6
66.88, 447.3
66.98, 447.3
66.98, 447.8
67.74, 447.8
67.74, 449.1
67.73, 449.1
67.73, 449.2
67.74, 449.2
67.73, 449.2
67.72, 448.9
68.92, 452.2
68.92, 452.1
68.91, 452.1
68.91, 451.7
68.9, 451.7
68.9, 451.8
68.91, 451.8
68.91, 452.0
68.91, 452.1
68.91, 452.2
68.91, 452.1
68.91, 452.0
68.91, 452.1
68.92, 452.1
68.92, 452.8
68.91, 452.8
68.91, 454.9
69.63, 454.9
69.63, 455.1
69.64, 455.1
69.64, 455.3
69.66, 455.3
69.66, 455.4
78.02, 455.4
78.02, 458.3
70.02, 458.3
78.02, 458.3
70.02, 458.3
70.29, 458.2
70.28, 458.2
70.28, 457.8
70.27, 457.8
70.28, 457.8
78.28, 957.8
78.28, 457.8
70.28, 457.8
70.52, 457.8
78.52, 959.7
78.52, 459.7
78.89, 459.7
70.89, 459.7
78.89, 459.7
78.89, 459.8
78.89, 459.9
70.89, 459.9
70.89, 460.1
70.9, 460.1
70.9, 460.2
70.9, 460.8
70.93, 460.3
70.93, 462.2
71.45, 462.2
71.45, 462.4
71.46, 462.4
71.47, 462.8
71.47, 462.9
72.12, 462.9
72.12, 468.8
72.12, 466.2
72.26, 466.2
72.26, 466.1
72.26, 466.0
72.26, 466.2
72.26, 465.9
72.25, 465.9
72.25, 466.2
72.25, 466.0
72.25, 466.2
72.25, 466.3
72.26, 466.3
88.88, 888.8
